,model,successfully_generated_samples_median_normalized
0,claude-3-5-sonnet-20240620,1.0
1,claude-3-sonnet-20240229,0.9946666666666666
2,gpt-3.5-turbo-0125,0.9733333333333334
3,gpt-4o,0.9333333333333333
4,mixtral:8x22b,0.78
5,llama3:8b,0.5373333333333333
6,llama3:70b,0.32266666666666666
7,phi3:medium-128k,0.20800000000000002
8,mistral:7b,0.12933333333333333
9,gemma:7b,0.024
10,llama2:13b,0.013333333333333334
11,phi3:mini-128k,0.0026666666666666666
