,sample_size,n_samples,KL Divergence,Wasserstein,MMD
3,rs_size_25,27889,4.495152151386344,0.0891764145459903,0.026877400971063503
0,rs_size_10,28016,4.636861913941532,0.16078822937183315,0.061749081374275816
5,rs_size_50,25689,5.11221021618083,0.15923905739481534,0.05229803323292748
2,rs_size_150,26206,13.556439322983756,0.27320295618344337,0.20044819494183375
1,rs_size_100,24672,21.982616357137093,0.19335829465905624,0.143670614574674
4,rs_size_5,27388,22.356315076220643,0.3369440609870953,0.12167359570273728
